{
  "GAN_2D_normalized": {
    "best_loss_G": 0.9159771353006363,
    "ssim": 0.04091900387264822,
    "best_epoch": 2
  },
  "GAN_2D_unnormalized": {
    "best_loss_G": 0.6679916530847549,
    "ssim": 0.8938162961653192,
    "best_epoch": 33
  },
  "GAN_3D_normalized": {
    "best_loss_G": 0.793637354154976,
    "ssim": 0.9123249208603516,
    "best_epoch": 10
  },
  "GAN_3D_unnormalized": {
    "best_loss_G": 0.7368045339778978,
    "ssim": 0.8471579302421545,
    "best_epoch": 3
  }
}