{
  "GAN_2D_normalized": {
    "epoch": 44,
    "ssim": 0.9801316544237492,
    "psnr": 35.11046273422241,
    "vps": 0.9984488487243652,
    "vol_ratio": 0.9984488487243652
  },
  "GAN_2D_unnormalized": {
    "epoch": 22,
    "ssim": 0.9750033371386333,
    "psnr": 36.30420801620483,
    "vps": 0.9981871843338013,
    "vol_ratio": 0.9981871843338013
  },
  "GAN_3D_normalized": {
    "epoch": 13,
    "ssim": 0.9733623772970497,
    "psnr": 30.95180686626559,
    "vps": 0.991462767124176,
    "vol_ratio": 0.991462767124176
  },
  "GAN_3D_unnormalized": {
    "epoch": 23,
    "ssim": 0.9805446690745313,
    "psnr": 32.76799433527429,
    "vps": 0.9974048137664795,
    "vol_ratio": 1.0025951862335205
  }
}